{
  "version": "0.2.0",
  "migrations": {
    "contenttypes": "0002_remove_content_type_name",
    "auth": "0012_alter_user_first_name_max_length",
    "account": "0006_auto_20200923_1330",
    "admin": "0004_auto_20200615_1628",
    "blog": "0013_auto_20200921_1430",
    "contact": "0004_auto_20200922_1356",
    "ipn": "0008_auto_20181128_1032",
    "message": "0005_auto_20200919_2245",
    "project": "0017_project_is_deleted",
    "sessions": "0001_initial",
    "sites": "0002_alter_domain_unique",
    "stock": "0007_auto_20200922_1513",
    "transaction": "0004_transaction_with_paypal",
    "notifications": "0009_auto_20200818_1322"
  }
}